日付,slug,KW,軸,累計PV,直近28日PV,前28日PV,GA4_PV,GA4_ユーザー,GSC_クリック,GSC_表示,GSC_順位
2026-09-06,birthdaypresentcost,誕生日プレゼント 彼女 予算 相場 社会人,ギフト,20,20,0,,,,,
2026-09-06,travelcost1day,カップル 記念日 旅行 予算 1泊,デート,5,5,0,,,,,
2026-09-06,aniversaryrestaurantfail,記念日 レストラン 選び方 失敗,デート,1,1,0,,,,,
2026-09-06,1yearaniversity,付き合って1年 記念日 プレゼント 相場,ギフト,1,1,0,,,,,
2026-09-06,kinenbidaikosouba,記念日 代行 料金 相場,代行,1,1,0,,,,,
2026-09-06,dinnerbudget,記念日 ディナー 予算 相場 二人,デート,1,1,0,,,,,
2026-09-06,surpriseservice,サプライズ 代行 サービス 比較,代行,1,1,0,,,,,
2026-09-06,presentsrevice,プレゼント選び 代行 サービス,代行,0,0,0,,,,,
2026-09-06,presentnosense,記念日 サプライズ センスない 選べない 頼みたい,代行,0,0,0,,,,,
2026-09-06,kinenbidaiko,記念日 代行 プラン固定 オーダーメイド 違い,代行,0,0,0,,,,,
2026-09-06,restaurantcake,レストラン ケーキ 持ち込み 料金,デート,0,0,0,,,,,
2026-09-07,birthdaypresentcost,誕生日プレゼント 彼女 予算 相場 社会人,ギフト,20,20,0,,,,,
2026-09-07,travelcost1day,カップル 記念日 旅行 予算 1泊,デート,6,6,0,,,,,
2026-09-07,aniversaryrestaurantfail,記念日 レストラン 選び方 失敗,デート,2,2,0,,,,,
2026-09-07,1yearaniversity,付き合って1年 記念日 プレゼント 相場,ギフト,1,1,0,,,,,
2026-09-07,kinenbidaikosouba,記念日 代行 料金 相場,代行,1,1,0,,,,,
2026-09-07,dinnerbudget,記念日 ディナー 予算 相場 二人,デート,1,1,0,,,,,
2026-09-07,surpriseservice,サプライズ 代行 サービス 比較,代行,1,1,0,,,,,
2026-09-07,kinenbiproduce,記念日 プロデュース オーダーメイド 依頼,代行,0,0,0,,,,,
2026-09-07,whenrestaurantappointment,記念日 レストラン 予約 いつから,デート,0,0,0,,,,,
2026-09-07,restaurantserprisedeadline,レストラン サプライズ お願い 伝え方,デート,0,0,0,,,,,
2026-09-07,presentsrevice,プレゼント選び 代行 サービス,代行,0,0,0,,,,,
2026-09-07,presentnosense,記念日 サプライズ センスない 選べない 頼みたい,代行,0,0,0,,,,,
2026-09-07,kinenbidaiko,記念日 代行 プラン固定 オーダーメイド 違い,代行,0,0,0,,,,,
2026-09-07,restaurantcake,レストラン ケーキ 持ち込み 料金,デート,0,0,0,,,,,
